op,avg_duration,row_count,zipf_a,num_records,groups,oids
filter,0.0008662863900001128,1000.0,0.1,1024,5000,1000
filter,0.0008817202800007351,1000.0,0.1,10240,5000,1000
filter,0.0009229495500002827,1000.0,0.1,102400,5000,1000
filter,0.001044402970000391,1000.0,0.1,1024000,5000,1000
filter,0.0011986046300000908,1000.0,0.1,10240000,5000,1000
filter,0.0013171297499974344,1000.0,0.1,102400000,5000,1000
filter,0.0014357632199903491,1000.0,0.1,1024000000,5000,1000
