lineage_type,level,runtime,output_size,cardinality,n1,n2,n3,n4,stats,notes
Baseline,level1,0.0005725826000343659,617,1000,10,10,10,10,feb28_logical
Baseline,level2,0.0011758937999729823,326,1000,10,10,10,10,feb28_logical
Baseline,level3,0.001319456200053537,87,1000,10,10,10,10,feb28_logical
Baseline,level4,0.0017283024000789738,10,1000,10,10,10,10,feb28_logical
Logical_RID,level1,0.001761779600110458,1000,1000,10,10,10,10,feb28_logical
Logical_RID,level2,0.003547324999999546,3920,1000,10,10,10,10,feb28_logical
Logical_RID,level3,0.024092594999910944,163116,1000,10,10,10,10,feb28_logical
Logical_RID,level4,2.28506388099986,29339318,1000,10,10,10,10,feb28_logical
SD_Capture,level1,0.00072577640239615,-1,1000,10,10,10,10,"2056,3,0.08099999831756577",feb28_stats
SD_Capture,level2,0.0012492411973653362,-1,1000,10,10,10,10,"15184,8,0.1429999974789098",feb28_stats
SD_Capture,level3,0.0016204401981667615,-1,1000,10,10,10,10,"28312,12,0.18200000340584666",feb28_stats
SD_Capture,level4,0.0018992731987964363,-1,1000,10,10,10,10,"41440,16,0.20500000391621143",feb28_stats
SD_Capture,level1,0.0006628356000419444,-1,1000,10,10,10,10,,feb28_test
SD_Capture,level2,0.001170486799946957,-1,1000,10,10,10,10,,feb28_test
SD_Capture,level3,0.0015319103999900108,-1,1000,10,10,10,10,,feb28_test
SD_Capture,level4,0.001781046799987962,-1,1000,10,10,10,10,,feb28_test
